"Reference","Qty","Value","DNP","Exclude from BOM","Exclude from Board","Footprint","Datasheet"
"C1,C2","2","4.7uF","","","","Capacitor_THT:C_Disc_D5.0mm_W2.5mm_P5.00mm","~"
"C3","1","47uF","","","","Capacitor_THT:C_Radial_D5.0mm_H5.0mm_P2.00mm","~"
"C4","1","100nF","","","","Capacitor_THT:C_Disc_D5.0mm_W2.5mm_P5.00mm","~"
"J1","1","Conn_01x06_Pin","","","","Connector_Harwin:Harwin_M20-89006xx_1x06_P2.54mm_Horizontal","~"
"Q1,Q2","2","NPN","","","","Package_TO_SOT_THT:TO-92_Inline","https://ngspice.sourceforge.io/docs/ngspice-html-manual/manual.xhtml#cha_BJTs"
"R1","1","47k","","","","Resistor_THT:R_Axial_DIN0207_L6.3mm_D2.5mm_P7.62mm_Horizontal","~"
"R2,R5","2","680","","","","Resistor_THT:R_Axial_DIN0207_L6.3mm_D2.5mm_P7.62mm_Horizontal","~"
"R3","1","15k","","","","Resistor_THT:R_Axial_DIN0207_L6.3mm_D2.5mm_P7.62mm_Horizontal","~"
"R4,R6","2","2.2k","","","","Resistor_THT:R_Axial_DIN0207_L6.3mm_D2.5mm_P7.62mm_Horizontal","~"
